filename,label,R_0,R_1,R_2,R_3,R_4,R_5,R_6,R_7,R_8,R_9,R_10,R_11,R_12,R_13,R_14,R_15,R_16,R_17,R_18,R_19,R_20,R_21,R_22,R_23,R_24,R_25,R_26,R_27,R_28,R_29,R_30,R_31,G_0,G_1,G_2,G_3,G_4,G_5,G_6,G_7,G_8,G_9,G_10,G_11,G_12,G_13,G_14,G_15,G_16,G_17,G_18,G_19,G_20,G_21,G_22,G_23,G_24,G_25,G_26,G_27,G_28,G_29,G_30,G_31,B_0,B_1,B_2,B_3,B_4,B_5,B_6,B_7,B_8,B_9,B_10,B_11,B_12,B_13,B_14,B_15,B_16,B_17,B_18,B_19,B_20,B_21,B_22,B_23,B_24,B_25,B_26,B_27,B_28,B_29,B_30,B_31
daisy000.jpg,daisy,4,3,4,6,1,3,0,0,1,2,2,7,8,14,15,33,36,90,192,259,240,348,363,404,458,380,389,322,195,165,118,34,4,4,3,6,3,1,0,0,1,2,8,4,11,16,20,45,77,160,214,228,255,363,313,422,437,362,367,279,195,146,99,51,66,232,234,75,27,15,16,20,28,16,18,27,33,33,46,53,112,141,165,173,196,283,321,314,328,324,272,202,123,99,76,28
daisy001.jpg,daisy,447,328,321,252,171,167,143,119,120,102,78,96,82,84,75,82,77,68,62,60,74,64,70,71,95,90,76,96,108,128,158,132,367,180,209,271,255,219,180,162,148,139,124,100,90,75,90,71,71,73,67,65,74,71,79,74,78,100,90,94,93,127,143,117,1152,397,221,164,149,104,97,82,71,74,69,65,61,70,59,61,59,49,62,56,63,63,57,73,68,69,81,78,86,109,125,102
daisy002.jpg,daisy,233,139,216,345,421,344,434,455,355,266,182,94,63,56,39,34,38,31,33,32,30,36,31,29,26,29,24,21,17,16,16,11,17,108,119,88,154,217,381,387,378,485,448,298,247,141,85,64,45,35,49,40,37,37,43,38,31,37,22,20,18,11,12,4,2018,686,418,193,92,57,38,41,43,34,32,31,32,27,30,37,19,22,20,27,29,21,23,24,18,21,24,8,9,10,7,5
daisy003.jpg,daisy,2,5,9,10,10,15,18,16,9,9,12,11,7,10,10,7,9,14,40,75,122,146,103,108,202,167,124,115,110,127,179,2295,2,2,9,17,15,11,12,17,13,11,11,8,10,7,9,16,13,43,63,123,118,119,86,158,182,131,126,99,99,134,166,2266,3,3,11,5,19,18,17,14,16,13,8,7,3,12,4,6,10,3,10,14,29,26,88,143,172,178,331,187,153,164,188,2241
daisy004.jpg,daisy,1033,292,235,147,107,82,62,66,48,47,43,40,40,33,51,81,70,56,78,74,77,96,90,95,111,108,116,114,160,157,199,88,802,295,205,197,156,104,71,82,60,58,48,49,57,51,68,67,87,96,75,75,87,72,99,72,98,107,117,112,153,175,211,90,1459,323,173,84,50,33,33,44,21,28,26,37,20,39,33,46,47,53,72,85,76,83,93,88,100,118,111,125,157,172,182,85
daisy005.jpg,daisy,405,503,345,204,126,82,84,50,57,33,30,42,32,58,45,51,61,43,54,54,61,75,87,107,109,152,179,194,235,227,226,85,129,250,338,320,271,196,131,78,82,57,44,47,41,51,38,78,51,74,65,87,94,84,113,112,114,124,144,187,185,212,220,79,1658,193,110,55,49,50,28,33,35,29,31,36,32,37,29,42,39,34,51,52,59,75,73,80,96,125,143,169,180,220,183,70
daisy006.jpg,daisy,165,81,107,140,196,212,202,172,197,151,181,202,195,221,198,200,153,115,82,48,38,36,37,50,48,49,57,71,114,137,146,95,147,61,56,58,83,111,141,186,195,198,202,217,237,251,223,215,230,137,138,87,49,40,34,46,66,60,75,92,105,161,127,68,220,260,521,488,440,448,347,209,119,86,46,39,41,40,33,24,33,28,20,36,26,34,35,35,33,29,49,44,61,70,101,101
daisy007.jpg,daisy,2953,43,22,13,24,13,15,16,19,14,20,21,26,26,14,20,27,23,27,27,24,25,32,42,42,54,54,85,132,114,94,35,2960,40,19,14,29,23,18,31,29,25,32,29,37,22,30,24,37,27,27,23,26,22,31,29,35,42,46,72,112,94,82,29,3114,58,29,16,21,21,18,14,24,23,19,18,23,13,16,8,22,20,17,25,19,21,29,24,41,45,50,68,105,83,73,19
daisy008.jpg,daisy,10,2,5,7,2,9,7,13,15,31,34,36,45,79,77,82,138,135,213,319,290,439,442,434,394,351,197,116,87,37,22,28,9,5,4,8,8,12,28,38,43,78,103,138,150,148,103,72,77,62,116,219,217,353,431,411,382,366,208,122,80,45,33,27,712,69,31,29,17,22,17,14,19,18,21,31,19,17,34,41,45,70,92,175,209,241,299,407,374,399,302,166,82,55,40,29
daisy009.jpg,daisy,96,170,211,188,184,175,145,118,107,74,47,51,47,32,33,20,21,33,24,22,31,44,82,103,235,383,404,391,328,224,66,7,76,135,229,233,221,178,135,120,96,66,45,38,43,43,50,34,34,57,54,68,62,84,132,239,274,279,301,283,242,177,58,10,106,224,302,289,243,168,118,58,54,36,28,30,29,40,27,38,25,43,51,63,85,82,139,173,227,237,253,248,227,234,157,62
daisy010.jpg,daisy,53,178,176,155,95,77,78,53,59,55,59,72,72,82,83,74,98,87,79,103,89,100,94,87,88,120,249,363,452,289,259,118,35,27,84,163,142,172,158,136,116,114,103,104,102,109,99,75,83,75,63,62,60,45,44,48,64,125,237,369,451,296,225,110,744,473,206,116,88,90,69,37,26,29,25,28,24,28,26,27,30,31,44,39,35,38,51,65,104,178,278,362,394,234,121,56
daisy011.jpg,daisy,1870,103,176,154,49,49,44,51,55,54,41,42,33,41,42,41,35,41,44,56,82,74,84,74,55,107,118,144,102,88,120,27,1969,103,163,198,69,59,60,35,36,45,33,46,39,31,35,41,22,44,40,48,63,68,75,71,59,72,77,86,113,114,140,42,2079,141,202,189,48,44,33,38,38,42,37,36,32,34,45,29,41,53,52,58,67,52,51,63,54,54,65,70,101,83,124,41
daisy012.jpg,daisy,398,456,363,340,289,236,177,137,88,55,33,41,38,46,29,28,24,26,37,37,33,89,73,105,88,107,103,105,137,172,120,86,341,363,281,299,295,253,218,193,165,99,68,52,44,47,43,35,47,50,62,83,66,95,93,94,92,75,86,91,139,110,77,40,836,845,565,273,104,54,44,27,24,23,23,20,32,29,24,32,35,32,35,45,59,80,108,84,92,81,75,106,116,87,67,39
daisy013.jpg,daisy,767,1094,507,278,177,92,51,38,30,22,12,15,12,12,18,18,24,20,20,19,29,25,27,32,26,39,33,71,137,135,177,139,536,844,697,357,246,155,86,56,52,21,15,29,16,18,19,29,28,24,17,32,32,45,57,41,24,32,37,79,135,110,164,63,1267,1057,440,242,73,35,33,20,22,14,20,14,17,11,17,20,21,16,18,24,17,20,25,31,26,29,35,63,121,130,162,56
daisy014.jpg,daisy,387,521,366,233,135,75,71,64,66,56,46,46,57,50,44,51,53,71,72,61,80,126,156,185,203,150,147,139,138,128,79,40,152,275,392,334,237,173,138,116,80,74,43,43,41,54,46,53,62,70,97,127,99,110,165,171,188,195,103,117,80,105,109,47,1510,267,126,111,64,64,62,51,51,47,34,35,53,34,41,39,66,61,78,59,63,81,136,158,150,150,100,88,73,100,107,37
daisy015.jpg,daisy,33,203,454,498,343,321,281,243,192,155,85,63,39,60,49,49,44,42,42,47,46,50,53,55,59,67,85,96,84,94,102,62,10,30,100,197,261,340,354,275,256,241,219,222,173,158,74,65,61,65,57,58,71,55,69,83,77,84,93,88,87,69,77,27,298,1086,685,376,181,118,78,68,69,58,63,43,59,49,49,44,49,37,59,63,52,43,54,55,48,58,48,52,44,42,43,25
daisy016.jpg,daisy,1025,624,209,60,24,11,15,21,18,12,9,12,14,15,16,20,27,45,42,46,46,43,64,76,91,95,107,151,233,320,409,196,1021,702,158,52,22,12,23,15,16,15,13,22,22,25,32,37,41,41,55,71,68,134,177,109,106,102,115,112,209,236,239,94,67,137,39,526,1226,227,35,31,33,35,34,28,42,45,45,57,63,74,69,89,116,75,93,82,101,152,186,136,122,79,44,8
daisy017.jpg,daisy,1846,50,35,35,32,25,23,23,20,20,19,27,17,25,28,36,33,43,44,50,54,79,81,95,134,156,184,244,294,193,110,41,1842,49,30,35,34,20,22,23,16,29,27,29,45,66,74,51,30,34,42,46,47,55,83,77,84,135,148,168,234,294,170,57,2000,66,40,35,39,25,33,23,21,25,25,25,22,25,32,27,33,39,47,38,59,70,76,90,107,109,134,185,216,268,138,24
daisy018.jpg,daisy,66,121,185,278,336,401,443,424,322,227,193,129,91,87,64,55,37,32,37,24,19,23,22,27,24,28,34,44,42,72,115,94,10,43,114,198,261,364,379,446,461,337,243,185,128,104,101,58,47,30,32,28,33,31,40,40,27,35,49,45,46,71,82,28,373,1234,872,424,233,130,83,55,40,21,24,24,25,28,24,22,27,18,20,17,30,33,18,22,44,27,40,53,43,51,32,9
daisy019.jpg,daisy,119,175,131,140,224,250,273,307,256,228,205,166,165,154,122,85,75,56,60,50,53,97,102,71,97,77,96,97,55,34,50,26,60,121,147,145,175,233,272,280,281,246,240,199,165,157,137,118,85,61,49,51,41,75,95,103,116,95,75,72,61,38,41,62,113,547,533,360,221,170,130,123,142,124,124,125,114,128,132,110,82,57,61,45,50,56,63,74,81,58,52,51,37,30,42,61
daisy020.jpg,daisy,194,149,138,131,76,76,53,50,30,34,36,27,45,58,65,108,88,109,136,130,147,201,237,208,171,194,198,227,244,244,195,97,173,78,91,106,101,97,72,91,50,71,119,84,70,88,114,72,78,74,91,96,130,162,190,187,182,198,205,235,257,251,180,103,571,275,201,111,66,52,51,37,32,37,25,38,33,36,45,42,45,77,77,107,113,188,176,181,194,203,184,211,224,225,168,71
daisy021.jpg,daisy,135,163,146,143,157,137,174,139,123,113,102,86,73,79,95,105,78,82,67,74,78,78,118,141,127,156,139,189,191,219,215,174,60,84,88,72,92,108,105,112,109,131,121,160,125,137,162,117,124,109,104,110,115,125,116,133,130,141,153,156,170,214,229,184,892,324,167,113,102,91,89,75,73,76,76,77,70,70,77,84,65,70,72,79,91,70,92,119,90,98,108,130,145,157,121,133
daisy022.jpg,daisy,1956,54,19,25,19,12,18,22,14,15,12,7,9,12,14,20,26,24,46,61,89,133,147,172,216,270,223,190,134,76,43,18,1957,51,20,23,20,12,15,24,16,9,19,6,7,12,11,15,41,44,60,44,64,76,117,104,151,180,240,246,206,167,104,35,2142,81,29,28,23,20,20,29,22,12,19,10,7,21,17,18,18,28,26,31,45,57,68,59,104,113,187,277,196,224,127,38
daisy023.jpg,daisy,128,294,494,494,429,397,270,176,85,60,39,29,42,32,19,31,50,23,23,33,52,50,56,63,61,74,60,83,95,100,149,105,80,141,162,191,305,390,368,314,300,250,186,125,83,62,31,35,28,36,48,40,43,52,65,76,84,64,53,69,66,65,148,136,171,566,669,533,390,275,210,135,72,44,35,20,30,29,26,23,30,27,22,44,35,35,46,51,48,33,51,57,61,62,128,138
daisy024.jpg,daisy,44,31,40,24,22,23,23,27,29,36,41,26,47,116,170,164,191,210,215,266,178,205,247,338,548,146,99,93,96,121,152,128,6,6,5,8,11,39,75,73,72,119,100,74,153,142,118,174,182,207,200,162,199,268,403,474,112,85,95,68,118,119,139,90,321,20,11,16,12,11,10,14,13,12,15,15,25,46,50,71,163,149,251,311,213,225,246,314,561,314,130,109,87,117,163,81
daisy025.jpg,daisy,17,66,88,53,33,14,17,14,11,11,14,63,987,512,294,221,132,108,126,124,120,114,155,127,80,103,133,113,106,99,30,11,14,44,73,44,46,38,15,15,12,13,9,10,9,7,8,6,29,63,130,132,112,168,391,981,936,271,150,125,152,56,27,10,52,170,59,24,25,11,10,10,8,14,13,16,16,24,52,122,132,141,118,100,113,115,152,171,174,84,68,51,107,283,1036,625
daisy026.jpg,daisy,86,122,151,183,202,114,125,131,89,91,78,79,89,88,103,119,125,162,172,160,155,140,166,188,194,165,172,150,141,94,28,34,24,39,66,129,219,213,202,185,207,159,104,81,61,73,75,86,103,138,139,168,146,153,158,196,171,169,178,153,146,91,31,33,1184,253,143,55,40,28,24,27,30,25,33,37,49,51,60,95,119,104,128,133,115,141,140,173,148,155,154,140,153,91,40,28
daisy027.jpg,daisy,331,208,205,132,83,57,54,29,25,30,52,42,33,59,99,99,144,197,239,252,277,227,194,200,166,125,129,156,98,105,32,17,84,101,134,168,232,179,124,62,30,30,47,69,59,66,59,91,115,194,244,281,263,219,201,179,146,134,107,136,107,114,88,33,847,234,100,54,43,26,19,33,36,48,48,33,36,38,70,109,153,196,264,230,234,201,172,125,142,96,117,94,112,116,56,14
daisy028.jpg,daisy,33,21,18,17,15,12,11,17,17,39,71,81,89,87,71,118,131,162,234,309,296,285,291,354,196,193,198,208,197,168,83,74,33,22,19,15,13,18,10,17,27,54,75,69,89,81,64,57,54,39,48,90,109,248,397,434,436,326,289,301,243,262,107,50,54,29,18,20,20,19,27,34,54,59,50,71,86,60,62,48,47,24,23,24,12,17,33,56,123,318,860,478,389,393,309,279
daisy029.jpg,daisy,13,21,34,46,82,109,104,117,94,99,130,154,187,199,215,302,225,237,231,206,218,181,115,143,120,109,120,95,100,65,22,3,17,16,32,39,88,109,109,111,81,120,155,181,195,235,300,258,277,251,203,212,165,131,133,127,118,112,110,79,77,40,13,2,326,78,74,60,151,136,134,135,163,213,203,172,186,229,276,264,230,183,128,111,115,91,106,85,61,62,56,33,30,3,1,1
daisy030.jpg,daisy,21,27,27,82,117,195,242,290,363,259,146,96,57,50,55,63,36,54,42,57,66,54,87,83,120,154,202,246,265,230,227,83,23,17,26,79,165,257,351,379,273,173,97,79,41,55,47,71,48,59,59,62,118,144,107,103,137,150,208,195,219,181,121,52,363,171,196,336,437,448,242,103,73,71,41,32,36,32,39,37,34,43,33,36,41,37,43,91,70,93,149,159,185,233,122,70
daisy031.jpg,daisy,93,95,139,103,119,95,90,91,69,48,45,46,55,63,47,53,57,60,84,91,111,134,174,226,246,306,352,344,287,210,105,58,76,31,27,174,105,84,74,72,80,82,93,99,112,86,64,80,105,94,73,76,91,116,151,190,222,273,368,341,299,194,86,78,139,145,276,272,164,87,52,40,33,43,37,34,34,47,49,57,36,45,34,38,59,82,89,118,179,215,341,438,383,325,115,90
daisy032.jpg,daisy,2,14,20,27,21,26,15,55,82,75,80,79,89,129,144,238,273,285,386,396,283,240,192,145,168,134,135,98,93,86,77,9,12,21,22,20,21,18,29,71,66,81,94,88,88,124,198,246,272,302,394,354,235,224,152,137,153,160,133,98,98,90,60,35,163,11,7,14,9,4,13,24,64,62,74,88,82,138,175,226,279,283,379,332,271,212,152,159,159,164,146,129,90,78,70,39
daisy033.jpg,daisy,210,630,584,395,277,180,159,147,124,128,112,119,112,136,108,58,78,50,26,33,24,40,53,49,50,57,30,32,29,26,31,9,145,475,587,450,326,309,253,186,157,182,160,122,121,72,50,33,12,17,17,20,29,33,45,47,45,50,26,34,27,28,28,10,552,1202,541,277,172,165,131,105,110,129,112,71,55,15,11,12,8,9,14,21,14,31,26,47,53,47,32,30,35,36,22,11
daisy034.jpg,daisy,45,98,213,285,274,206,185,144,147,104,89,73,64,51,40,31,36,29,32,36,45,29,24,58,49,103,103,105,136,221,306,735,38,60,82,115,176,164,189,179,191,187,153,100,107,102,72,62,56,32,43,31,39,58,25,32,62,86,116,118,131,223,332,735,116,462,562,292,175,111,103,71,53,44,48,36,27,20,22,29,40,26,34,33,41,44,37,63,78,89,93,117,135,187,285,623
daisy035.jpg,daisy,77,200,255,362,347,267,215,131,115,74,64,49,54,54,67,102,110,160,148,158,140,158,136,109,74,68,64,73,86,69,64,46,61,73,163,190,260,304,271,263,192,122,93,94,88,95,131,142,152,167,134,127,118,111,94,101,82,64,71,81,79,68,61,44,696,653,393,221,141,92,56,51,33,25,38,36,48,58,73,74,122,115,119,102,97,99,109,93,69,76,70,70,89,73,61,44
daisy036.jpg,daisy,110,296,431,596,593,388,221,143,97,68,44,46,40,32,39,36,36,40,55,54,57,46,39,29,30,39,27,33,43,116,150,122,29,104,183,185,246,288,374,408,344,308,247,168,99,89,64,46,43,53,67,70,38,36,24,26,29,32,30,38,44,112,150,122,1214,1058,421,162,107,78,57,39,30,36,31,34,30,27,25,27,21,28,38,26,21,19,23,23,26,29,20,36,46,101,136,127
daisy037.jpg,daisy,69,284,324,202,129,82,70,59,67,61,54,57,48,53,49,76,98,101,138,139,163,155,196,221,196,172,204,171,177,139,110,32,27,88,181,258,259,148,103,81,72,63,67,72,85,73,93,85,127,123,167,168,125,138,171,151,182,156,195,176,169,143,114,36,254,187,490,250,145,112,80,73,74,69,63,74,53,62,69,50,75,89,119,99,126,117,120,142,132,142,176,167,159,165,123,40
daisy038.jpg,daisy,73,246,254,206,184,249,299,283,213,243,275,181,98,69,27,34,37,31,33,19,32,40,41,37,45,37,57,74,103,160,248,168,54,207,237,198,188,169,168,176,174,202,211,210,201,211,168,116,69,38,37,33,47,42,40,28,36,36,55,69,93,162,246,175,70,246,492,569,426,309,265,197,150,99,47,64,52,43,32,21,32,22,24,24,17,21,27,30,42,52,58,79,104,147,229,106
daisy039.jpg,daisy,45,81,186,443,498,559,495,350,242,127,86,30,32,38,31,43,81,91,106,90,74,55,47,55,39,35,34,37,32,21,5,8,84,299,435,427,377,362,362,306,247,150,88,48,43,39,48,75,90,99,84,78,64,44,52,47,30,30,24,19,19,15,3,8,964,857,860,331,161,39,24,20,25,24,31,30,27,29,34,50,77,65,74,68,46,39,31,34,26,29,25,24,20,16,8,8
daisy040.jpg,daisy,82,134,164,161,138,137,159,149,120,109,119,153,117,127,139,173,172,160,179,171,192,187,133,119,118,115,87,80,63,64,53,22,70,82,127,127,169,174,151,137,110,126,113,126,143,156,182,193,201,198,166,184,199,154,126,138,123,104,83,66,70,44,42,12,426,245,239,160,111,96,106,120,81,84,104,120,117,147,174,162,163,169,146,162,142,124,125,109,96,83,77,61,46,47,35,19
daisy041.jpg,daisy,46,166,95,117,162,173,213,231,186,103,111,98,106,102,117,109,113,116,145,127,161,160,165,156,150,139,150,127,98,81,60,13,29,123,89,84,88,103,146,164,169,272,186,131,123,107,116,127,125,140,130,143,150,183,165,153,173,150,141,135,109,73,55,14,126,191,179,356,260,142,105,109,89,102,112,105,108,101,113,115,122,134,139,149,161,129,151,161,133,123,119,99,72,55,27,9
daisy042.jpg,daisy,21,35,51,99,106,111,76,74,59,54,48,51,77,74,87,94,134,197,261,264,265,324,283,237,208,165,242,176,112,66,25,20,16,29,44,81,97,121,111,104,73,58,48,50,79,95,110,154,204,229,230,229,287,297,255,235,172,184,207,140,79,44,20,14,159,265,290,120,50,56,44,41,29,36,41,49,72,99,109,164,217,185,231,277,223,210,220,162,150,171,174,98,85,38,14,17
daisy043.jpg,daisy,50,43,83,108,149,126,154,208,209,206,163,101,83,94,75,80,66,68,69,79,149,149,161,210,217,251,212,154,159,124,76,20,14,57,42,55,68,95,134,154,129,121,198,274,318,249,164,93,115,95,69,78,86,105,122,177,201,222,172,178,129,113,50,19,334,248,320,369,360,263,138,91,86,53,50,53,39,26,32,33,33,43,53,60,79,86,147,186,171,142,148,170,106,89,58,30
daisy044.jpg,daisy,24,35,54,104,100,96,94,102,105,108,123,135,128,121,115,110,83,95,118,121,128,159,163,185,185,202,206,214,195,226,158,104,27,46,62,99,119,127,140,184,179,193,160,167,129,128,114,105,103,90,91,100,124,115,112,134,132,148,175,172,142,180,116,183,56,126,261,359,268,219,214,195,162,122,131,110,114,106,109,90,130,102,87,91,111,104,102,111,128,125,78,85,82,55,31,32
daisy045.jpg,daisy,116,520,563,330,150,94,92,69,58,57,60,65,55,73,58,74,58,28,47,62,47,69,100,99,90,102,108,121,176,208,204,143,45,148,173,261,324,243,176,211,143,113,92,84,104,50,49,51,49,49,61,56,60,118,142,102,75,112,117,134,170,223,211,150,353,1197,644,152,114,104,66,48,32,30,21,18,9,23,13,12,19,14,19,27,18,38,32,46,43,76,103,142,172,212,184,115
daisy046.jpg,daisy,1,2,4,6,4,22,32,46,48,50,56,33,19,15,17,32,23,33,49,61,76,97,118,198,235,387,481,378,286,184,213,890,1,12,4,14,25,38,55,64,76,79,124,100,81,81,101,156,158,182,265,240,217,200,157,132,132,106,99,93,98,74,123,809,6,30,82,140,201,211,157,178,173,149,151,148,154,153,139,113,93,78,73,74,91,82,67,91,79,55,80,69,71,84,119,705
daisy047.jpg,daisy,7,3,42,62,158,281,309,240,203,118,122,133,107,155,153,177,189,160,129,134,128,111,94,87,94,79,80,123,126,188,89,15,4,5,16,31,96,141,254,404,404,429,316,187,137,146,146,101,90,94,67,65,54,74,78,58,69,56,81,85,104,174,104,26,111,63,116,524,373,262,155,127,120,130,135,151,122,128,134,138,99,118,82,84,85,67,69,70,59,54,52,67,90,146,123,42
daisy048.jpg,daisy,84,300,316,351,215,172,98,102,88,77,70,42,49,47,52,52,59,75,92,104,99,103,90,85,133,145,156,194,255,220,133,38,54,104,207,253,246,240,209,130,108,75,79,86,74,69,73,63,91,94,124,93,94,87,90,111,143,172,167,200,205,206,117,32,193,287,614,465,293,155,68,64,44,44,42,43,34,43,44,48,52,45,52,57,70,53,87,101,127,121,157,170,225,175,99,24
daisy049.jpg,daisy,9,9,33,89,160,138,165,152,159,128,131,150,136,186,167,217,221,185,168,146,146,137,125,124,117,116,101,106,129,130,90,26,7,6,3,31,50,116,116,110,154,143,195,209,215,274,296,302,320,234,152,117,94,104,95,104,107,97,114,121,101,69,29,11,39,139,254,309,239,205,171,193,250,253,190,208,160,104,106,87,88,86,68,80,90,74,72,76,90,81,82,73,99,68,42,20
rose000.jpg,rose,129,69,115,94,84,72,57,66,57,60,53,56,53,49,50,48,59,52,62,65,76,94,98,102,104,128,163,161,202,299,374,945,193,190,185,157,167,180,190,206,202,207,187,184,208,196,173,172,151,159,147,138,102,81,68,55,60,39,26,19,20,12,12,10,618,292,219,171,181,183,164,159,157,130,153,169,139,134,129,119,105,124,117,114,98,71,58,69,57,43,32,35,16,12,13,15
rose001.jpg,rose,52,37,22,34,27,28,35,42,39,34,47,50,36,42,56,78,56,79,84,112,181,202,268,305,420,536,508,373,190,93,21,9,91,70,66,77,83,65,76,84,106,125,114,115,94,127,148,179,203,269,231,308,267,296,235,195,153,105,74,62,34,8,21,15,111,95,89,104,86,68,106,106,105,100,112,102,112,114,159,145,154,170,223,233,274,261,235,173,176,147,114,79,45,52,37,9
rose002.jpg,rose,241,125,171,163,136,158,168,250,218,166,148,127,108,99,85,78,64,74,99,115,95,114,154,136,130,174,134,134,112,60,35,25,199,86,101,103,174,141,134,121,110,125,143,178,213,214,208,206,175,170,200,151,131,116,90,68,61,87,77,60,79,84,58,33,815,587,293,151,102,77,95,80,94,95,104,109,95,104,97,87,71,144,102,90,83,68,66,63,59,76,70,67,68,53,16,15
rose003.jpg,rose,182,54,42,50,46,82,97,92,87,103,93,98,85,113,116,157,160,172,180,165,169,231,227,215,236,171,160,137,154,98,70,54,769,248,216,154,131,164,149,140,150,150,125,140,105,119,102,92,88,77,94,92,86,168,134,101,83,46,48,33,25,24,20,23,936,323,250,202,174,160,147,139,128,144,118,169,169,122,112,76,99,88,77,73,58,52,58,41,37,28,19,26,19,16,20,16
rose004.jpg,rose,76,27,10,10,10,7,8,6,8,9,19,18,26,38,56,81,86,101,126,172,158,178,252,280,349,409,401,378,310,246,135,106,172,216,290,312,414,315,286,296,292,264,202,182,180,164,140,81,61,53,39,27,14,37,7,12,10,17,3,3,1,3,2,1,46,99,165,148,178,192,225,234,233,223,220,249,228,226,221,210,160,142,144,143,104,80,84,43,52,22,9,11,2,0,2,1
rose005.jpg,rose,42,82,116,104,76,52,52,33,36,44,50,60,40,41,49,66,72,81,86,101,102,116,149,150,206,258,286,249,237,287,275,498,166,238,311,345,322,298,305,250,243,281,223,179,150,110,79,69,56,55,54,43,55,44,25,20,14,17,33,52,29,20,7,3,153,126,113,128,130,140,171,165,233,218,174,206,196,167,194,151,177,166,138,130,111,97,100,77,74,65,76,79,40,22,18,61
rose006.jpg,rose,36,41,34,23,31,50,58,100,79,62,65,70,77,103,99,129,115,151,165,179,183,181,217,214,192,222,231,235,227,296,140,91,113,67,69,157,102,66,73,91,109,132,116,121,154,168,164,154,150,171,178,159,165,170,185,200,169,150,186,161,104,58,29,5,166,80,183,98,77,85,99,121,134,133,145,161,161,156,150,169,145,169,157,144,155,165,181,149,141,198,148,95,65,51,12,3
rose007.jpg,rose,24,37,52,110,133,141,141,148,192,140,174,179,140,141,132,118,116,78,76,110,106,90,112,148,171,150,146,196,250,152,156,37,9,26,82,137,247,348,293,293,245,224,220,188,148,147,108,88,60,57,58,79,75,54,82,96,89,94,134,170,99,57,70,19,37,116,196,262,294,325,271,209,174,165,130,156,111,113,88,75,74,68,63,64,69,60,63,72,86,98,95,121,186,113,82,60
rose008.jpg,rose,42,10,9,13,36,49,65,57,67,97,102,106,135,153,160,209,236,276,285,315,315,267,248,183,172,158,145,97,52,27,6,4,13,15,45,43,32,57,106,100,123,183,228,204,236,282,240,238,232,222,190,182,157,144,148,118,114,107,103,104,75,33,14,8,8,17,32,41,56,44,69,66,79,120,211,214,224,213,225,240,240,263,224,200,223,143,147,131,126,120,105,122,118,48,12,15
rose009.jpg,rose,30,24,16,24,25,31,36,25,31,31,32,31,38,46,47,50,49,65,69,88,99,147,163,214,276,295,379,398,418,342,274,303,27,55,69,97,123,147,139,211,192,215,208,221,200,213,200,232,218,244,222,188,166,99,135,80,79,50,22,16,10,6,7,5,29,27,25,27,36,51,44,49,45,59,64,72,98,98,102,104,139,127,120,139,155,183,170,179,200,201,219,185,204,230,227,488
rose010.jpg,rose,530,364,406,359,287,166,126,115,69,35,23,52,30,78,80,48,35,43,44,38,34,45,43,61,66,90,135,197,202,146,81,68,299,418,301,236,250,280,305,241,228,174,193,168,152,154,159,138,94,87,54,45,29,25,17,6,9,9,11,4,4,3,0,3,934,536,516,304,201,147,81,79,44,35,43,41,47,55,60,70,97,75,75,68,87,88,99,112,77,56,32,15,4,10,5,3
rose011.jpg,rose,31,22,18,23,27,29,36,27,31,30,29,32,37,48,48,48,50,62,71,90,95,145,161,220,266,307,363,406,415,328,273,328,24,58,70,100,115,149,138,209,202,211,208,216,204,215,204,229,219,243,222,193,164,99,133,80,76,47,25,17,8,6,7,5,24,32,25,26,35,48,50,42,50,54,70,65,98,97,102,103,126,138,124,136,162,170,179,175,206,199,210,180,210,220,230,510
rose012.jpg,rose,242,57,45,37,37,22,21,31,39,34,56,67,70,68,69,78,92,79,100,95,113,145,162,195,226,294,253,261,252,247,254,355,852,310,287,276,339,327,378,288,163,159,139,104,111,74,53,47,36,35,28,24,10,12,7,6,8,10,3,3,0,2,2,3,564,227,168,151,150,175,185,227,225,298,394,287,176,173,149,110,108,77,53,46,34,20,16,22,12,16,8,6,6,6,5,2
rose013.jpg,rose,88,253,316,489,225,45,32,21,13,17,16,23,15,7,12,15,28,51,73,81,93,93,122,183,173,235,311,371,271,242,120,62,93,144,417,319,107,86,84,64,65,82,78,75,68,103,112,122,120,124,139,135,175,182,239,205,206,171,144,88,69,44,25,11,123,292,508,319,74,48,52,65,34,39,37,49,46,54,51,67,105,90,112,105,116,119,152,174,185,238,270,223,157,92,68,32
rose014.jpg,rose,1622,814,208,117,98,80,66,50,41,40,21,25,27,26,22,19,31,30,25,40,20,27,27,35,29,50,50,65,81,97,102,111,1230,1257,365,170,94,103,77,63,50,50,46,49,39,51,39,38,41,41,40,49,31,37,24,20,25,20,6,13,13,7,5,3,2405,415,182,119,103,65,38,42,33,37,47,44,29,30,39,31,30,37,41,37,43,34,27,31,30,29,33,19,23,11,9,3
rose015.jpg,rose,12,16,48,60,81,62,75,69,81,90,93,89,101,106,144,107,142,134,181,182,194,232,272,268,302,231,195,87,55,55,28,304,86,274,295,314,249,242,226,213,242,220,160,146,166,169,142,122,100,100,73,56,55,39,24,18,12,18,16,12,13,7,15,272,28,41,57,64,92,109,114,138,154,160,160,164,158,152,164,168,158,213,209,196,188,203,181,148,108,93,65,49,32,22,21,287
rose016.jpg,rose,13,36,60,87,65,81,83,80,117,116,89,130,152,165,169,167,170,168,172,164,182,222,225,230,203,140,103,59,31,31,41,345,151,306,355,327,281,226,234,195,200,182,182,156,160,102,102,84,60,64,58,62,46,33,13,20,12,24,24,19,21,18,41,338,14,42,92,116,128,145,166,191,215,195,167,174,192,161,153,179,153,152,174,175,153,136,126,86,57,53,35,31,17,33,39,346
rose017.jpg,rose,5,9,9,21,8,15,7,17,31,59,133,100,128,240,271,228,159,163,206,180,161,180,220,269,187,214,226,214,118,155,120,43,2,7,10,21,36,99,188,266,258,202,176,191,145,140,166,171,170,209,150,154,141,145,125,80,58,62,30,73,135,150,158,178,13,21,8,8,17,28,24,75,160,165,216,294,261,236,268,184,164,118,133,117,129,124,104,84,94,98,128,151,189,152,165,168
rose018.jpg,rose,427,515,160,64,38,85,109,60,62,23,28,24,41,33,49,59,67,103,136,168,166,194,206,200,224,208,251,202,98,56,32,8,28,85,218,243,256,268,210,177,165,211,218,277,223,246,244,175,131,119,115,95,90,91,66,41,35,19,16,19,11,2,0,2,192,468,256,147,83,55,46,46,60,76,103,134,149,139,143,167,204,184,177,187,188,148,140,128,114,111,106,57,52,27,7,2
rose019.jpg,rose,426,91,70,75,61,94,85,88,102,110,125,182,179,191,188,186,200,176,203,202,224,202,183,126,83,91,60,57,18,11,6,1,326,259,225,239,210,218,209,190,198,187,191,206,170,183,162,167,147,129,125,80,84,49,43,39,20,22,7,5,4,0,1,1,463,182,150,170,141,166,173,174,185,198,204,212,203,188,170,182,150,165,136,117,99,79,63,43,30,21,17,8,5,0,1,1
rose020.jpg,rose,972,168,98,66,49,39,35,41,42,25,53,38,35,42,47,31,55,61,80,126,134,170,180,188,165,185,177,179,171,204,156,84,849,273,187,180,142,119,111,109,98,113,100,108,117,99,113,142,144,105,95,77,94,118,144,100,108,68,56,57,18,13,14,25,1118,189,142,96,99,80,62,73,75,66,67,91,84,59,77,88,84,104,131,186,134,98,76,113,117,110,118,95,108,77,43,36
rose021.jpg,rose,6,17,26,37,28,29,37,54,59,64,82,115,189,208,193,225,230,251,278,241,250,237,220,149,125,106,112,119,101,142,114,52,41,87,157,199,223,252,185,219,245,168,195,167,152,142,174,172,199,225,267,201,153,106,70,53,17,11,3,2,2,3,2,4,17,109,124,172,195,204,221,139,146,238,241,236,226,202,193,250,241,175,154,148,143,109,90,69,27,10,4,2,1,2,2,6
rose022.jpg,rose,75,97,189,125,93,54,47,42,99,84,83,104,101,84,94,112,83,84,75,96,89,112,96,94,104,102,84,131,128,142,165,1028,82,269,217,256,247,198,169,205,176,172,205,167,174,146,156,143,146,129,103,108,89,70,70,82,65,54,66,36,47,32,15,2,301,460,285,214,172,144,131,118,126,123,123,112,131,126,119,130,109,100,111,92,102,81,81,82,83,91,85,69,69,58,47,21
rose023.jpg,rose,2,2,2,8,5,12,6,13,18,15,25,27,44,53,63,69,70,91,112,141,197,205,256,337,375,422,426,423,323,246,90,18,170,319,354,387,304,263,237,213,203,218,189,173,150,129,125,112,100,100,80,71,51,40,36,23,17,13,11,1,2,1,1,3,36,60,88,90,89,99,109,144,143,155,167,162,171,174,185,179,155,152,172,154,135,143,159,151,167,150,134,125,117,73,32,26
rose024.jpg,rose,109,359,547,472,388,324,247,141,115,58,59,50,47,48,56,51,52,52,55,48,67,63,55,44,54,99,98,71,67,60,60,80,39,129,496,313,229,221,241,316,313,279,230,212,175,127,81,71,50,60,67,49,45,42,50,32,40,39,29,32,38,32,13,6,108,255,490,795,762,360,191,97,81,60,48,42,35,35,53,57,43,45,40,34,30,40,54,52,38,44,42,53,35,48,20,9
rose025.jpg,rose,27,81,74,93,114,109,73,82,113,117,120,104,105,111,97,96,107,108,132,164,179,165,182,193,177,198,246,227,176,139,131,56,78,206,252,324,270,287,263,274,226,222,209,197,178,200,137,143,104,78,60,60,68,62,46,38,31,23,21,12,7,3,7,10,46,96,146,144,134,144,144,130,126,118,110,116,134,150,164,133,149,164,168,148,126,116,125,137,104,105,107,98,81,91,102,240
rose026.jpg,rose,7,8,10,8,3,5,14,14,13,24,42,39,61,62,49,49,64,86,88,113,170,234,267,291,244,255,301,335,416,335,345,144,353,101,151,136,126,127,155,140,168,190,175,242,263,195,182,183,179,156,147,150,144,98,83,73,56,36,43,23,9,5,3,4,21,38,62,84,89,91,88,106,94,101,96,97,93,117,150,153,183,197,176,261,351,267,245,185,176,157,122,131,94,45,17,9
rose027.jpg,rose,15,35,47,78,217,171,237,199,141,126,112,75,92,99,132,116,141,177,212,204,140,143,171,157,163,167,246,172,49,15,17,30,11,12,26,35,79,128,188,148,248,314,269,293,287,220,181,206,301,243,181,160,119,105,74,53,43,37,38,20,22,12,17,26,26,13,20,41,161,401,283,253,267,214,164,184,166,140,144,118,110,102,92,88,96,91,105,134,214,169,128,89,50,26,3,4
rose028.jpg,rose,14,39,50,74,90,64,69,54,55,48,58,53,72,46,59,46,52,69,79,70,108,109,102,131,105,100,66,68,100,64,60,1922,16,42,62,100,135,130,122,119,130,118,114,125,114,93,66,78,71,46,46,42,44,36,39,36,48,34,38,28,34,30,49,1911,32,60,115,141,111,116,104,81,71,80,90,77,95,72,79,98,68,68,78,64,60,43,45,42,42,46,41,45,32,38,45,1917
rose029.jpg,rose,3,3,11,10,8,5,9,9,10,9,20,46,51,60,70,134,280,266,221,266,313,236,242,239,113,127,185,159,185,180,151,475,43,109,154,161,118,130,137,95,98,81,107,144,226,238,214,172,189,196,179,176,249,308,89,93,56,51,27,40,41,40,36,99,46,82,68,60,79,59,52,59,78,95,84,86,80,93,85,79,107,113,205,193,256,358,322,161,159,126,129,89,90,84,102,417
rose030.jpg,rose,12,60,134,250,302,303,274,223,190,204,211,202,181,150,153,135,87,53,24,13,26,12,22,23,22,20,25,33,25,49,92,586,29,57,154,317,314,208,194,158,162,173,156,188,196,218,184,199,169,159,160,155,136,87,77,74,38,23,29,21,15,21,16,9,15,123,238,327,334,316,249,158,145,150,163,171,208,163,172,136,108,71,49,43,31,41,38,56,50,68,92,97,85,101,58,40
rose031.jpg,rose,20,63,250,567,556,407,357,285,166,113,61,56,48,28,45,41,24,29,43,37,28,37,43,52,72,95,114,122,108,101,84,44,10,18,32,58,60,92,119,199,252,275,375,340,350,342,353,316,275,210,124,68,74,51,36,20,8,6,4,3,6,10,5,5,33,62,73,184,377,420,403,385,383,254,160,136,111,107,90,92,89,99,92,75,79,65,57,51,53,49,43,26,19,7,11,11
rose032.jpg,rose,135,176,169,209,261,241,212,179,157,129,130,72,37,24,18,20,17,10,13,13,15,10,12,20,34,41,43,62,81,110,196,1250,23,31,39,134,135,153,175,164,181,223,260,261,198,221,215,168,159,115,103,100,98,119,116,127,112,119,148,125,44,10,12,8,123,275,209,230,201,174,233,184,176,126,128,79,49,52,42,48,36,64,65,82,108,103,103,101,106,126,159,172,184,200,141,17
rose033.jpg,rose,5,12,21,39,41,29,28,32,26,27,36,44,33,38,56,85,103,111,153,185,249,324,352,431,404,378,287,188,211,113,45,10,21,39,45,53,55,88,139,161,178,208,262,305,272,248,253,242,206,229,172,155,113,130,101,104,96,103,84,22,7,1,2,2,25,47,57,92,103,118,125,138,193,200,227,254,288,298,285,246,237,211,168,153,134,122,110,100,84,51,17,3,3,2,1,4
rose034.jpg,rose,297,52,53,61,108,81,77,75,50,33,37,28,17,17,35,40,56,45,70,89,117,112,152,170,207,296,334,395,395,309,218,70,275,42,44,51,73,109,172,164,158,129,148,146,184,184,185,171,146,148,142,157,174,161,120,122,120,128,128,121,107,46,33,8,366,132,145,125,86,55,76,92,66,63,69,73,52,83,95,139,181,180,203,173,169,188,194,162,175,138,133,136,150,124,60,13
rose035.jpg,rose,5,9,17,20,36,45,54,71,101,121,147,181,182,159,205,204,202,151,155,204,196,169,158,132,113,119,143,208,297,168,92,32,1,9,13,23,26,38,63,56,78,107,143,193,219,209,277,278,236,222,216,212,188,177,200,104,90,84,105,113,169,190,38,19,58,72,55,33,64,56,71,86,83,99,147,164,170,174,214,209,186,206,200,154,122,122,140,98,77,92,113,155,262,130,178,106
rose036.jpg,rose,45,36,61,136,137,171,166,156,166,160,166,156,140,138,106,116,133,145,131,120,121,132,115,138,134,142,167,155,156,176,65,10,80,96,195,282,186,136,165,200,198,197,170,148,131,154,141,126,118,136,108,131,113,128,115,121,104,100,93,68,65,48,26,17,109,339,326,319,301,279,188,178,181,163,116,111,110,108,91,90,80,92,87,79,93,89,103,77,93,96,83,65,27,14,6,3
rose037.jpg,rose,2,2,2,3,3,6,2,4,6,9,5,6,10,17,18,35,35,46,66,64,100,147,207,286,311,426,448,494,431,388,322,195,16,46,111,158,205,212,271,246,266,264,249,272,258,216,215,209,192,143,126,86,77,78,57,41,27,20,14,10,3,3,3,2,5,10,16,21,30,50,67,93,119,157,177,198,248,251,243,273,259,262,280,238,218,175,144,145,130,94,65,55,34,15,16,8
rose038.jpg,rose,19,42,46,49,51,58,69,87,81,63,109,146,114,121,113,123,99,108,98,153,188,157,166,177,193,189,149,93,43,41,57,894,14,34,65,70,93,125,155,157,174,146,124,131,135,145,153,150,140,137,134,96,103,105,105,111,118,66,55,37,29,44,52,893,63,59,67,95,92,97,118,143,158,106,111,97,106,111,102,118,106,129,133,130,123,110,104,131,117,142,105,69,51,42,59,902
rose039.jpg,rose,104,148,236,257,310,235,206,169,136,119,82,70,45,56,49,53,67,67,80,65,77,90,104,120,109,112,148,174,202,204,137,65,62,98,100,140,238,248,229,179,120,176,159,160,171,159,169,150,157,138,168,161,134,113,118,104,69,70,75,59,68,54,36,14,133,202,329,391,297,211,113,107,86,91,89,81,71,50,64,102,87,79,113,112,125,155,155,145,175,138,141,110,66,45,20,13
rose040.jpg,rose,222,384,226,285,247,93,194,298,264,62,43,25,15,19,25,22,12,18,13,17,34,32,30,42,76,115,175,239,364,291,165,49,186,239,259,254,156,130,202,248,199,207,147,131,122,109,116,84,105,102,125,115,147,153,139,126,99,75,56,38,20,4,2,1,248,580,334,301,341,438,74,36,19,26,19,32,33,31,37,74,93,77,84,85,125,139,166,170,173,131,86,71,46,23,2,2
rose041.jpg,rose,17,16,17,23,45,47,104,122,175,137,112,113,126,122,125,142,133,133,144,147,188,169,183,191,164,145,161,192,197,143,105,258,13,13,17,11,21,46,59,84,129,149,198,238,207,193,201,186,200,174,173,174,191,191,169,167,175,168,142,116,93,107,90,1,12,57,102,87,119,130,128,119,158,157,173,167,172,167,184,180,165,168,162,136,140,142,123,145,122,112,106,89,87,98,145,44
rose042.jpg,rose,4,7,39,61,90,103,135,166,179,211,213,202,202,165,158,94,100,57,162,17,144,75,23,16,25,141,38,38,50,212,334,635,6,9,9,6,4,14,17,28,50,71,155,201,239,283,312,322,329,271,239,280,152,276,186,134,60,69,114,8,3,1,136,112,464,310,247,199,91,82,66,68,101,95,120,169,134,65,55,61,55,170,41,174,59,75,118,183,173,196,223,50,4,5,138,105
rose043.jpg,rose,335,280,364,297,294,193,129,141,87,62,37,30,38,33,40,44,46,40,49,55,60,61,57,88,80,76,87,102,168,208,287,228,164,166,251,288,269,218,173,177,168,166,151,142,110,107,82,85,84,86,118,96,115,125,108,131,124,122,95,89,51,23,10,2,452,422,350,261,196,173,153,123,127,90,89,54,61,75,68,81,97,103,104,110,102,100,112,87,92,81,98,84,57,50,31,13
rose044.jpg,rose,92,107,144,191,213,184,139,144,152,137,162,138,112,94,79,62,78,72,65,88,95,97,116,152,185,193,187,180,179,164,62,33,39,75,116,109,145,131,158,184,161,199,174,177,179,194,190,177,151,138,140,137,135,132,114,125,148,145,98,92,69,37,20,7,212,256,245,250,198,196,198,144,124,104,103,84,85,92,77,86,91,93,108,108,133,130,128,130,149,150,163,122,69,41,22,5
rose045.jpg,rose,28,47,60,67,89,119,115,121,143,107,114,134,136,146,155,166,129,144,120,137,162,148,136,124,143,164,216,195,166,138,155,72,48,52,90,82,109,103,145,167,178,216,232,246,244,223,218,245,215,214,181,170,137,123,134,109,71,62,22,13,15,11,19,2,46,102,133,158,162,165,181,181,174,157,176,139,151,122,134,124,107,131,122,122,99,98,96,114,122,154,149,156,132,98,59,32
rose046.jpg,rose,49,111,177,203,262,282,247,195,132,121,95,88,67,74,49,44,42,51,56,51,55,49,63,82,85,85,137,156,177,191,224,396,21,76,99,149,176,217,225,226,241,249,246,236,231,232,230,221,180,155,117,93,86,65,52,65,44,29,28,27,29,25,21,5,88,203,237,293,284,243,210,181,146,109,87,73,89,90,108,110,130,143,161,178,178,127,122,109,94,82,60,56,39,31,24,11
rose047.jpg,rose,46,78,137,201,187,233,287,274,232,157,173,144,152,134,102,74,82,64,70,91,71,95,86,113,107,151,154,188,151,35,17,10,161,270,306,273,267,195,213,171,170,185,192,149,131,87,72,74,59,60,72,77,73,65,65,88,94,78,115,114,102,64,35,19,51,99,202,151,195,185,244,244,211,189,150,148,139,126,150,127,118,93,90,75,89,69,89,94,91,84,103,105,115,135,86,49
rose048.jpg,rose,136,235,179,190,172,193,160,184,149,130,130,115,110,81,74,60,64,77,46,47,38,39,57,82,93,107,123,141,181,237,246,220,105,234,173,179,159,185,167,191,159,141,167,157,132,111,92,74,102,103,83,85,85,95,104,93,118,126,110,158,115,120,104,69,391,317,240,254,182,163,161,123,106,104,107,136,95,81,75,74,81,62,54,58,65,74,98,101,114,134,86,132,137,118,110,63
rose049.jpg,rose,26,26,34,21,30,32,26,36,41,54,48,52,64,64,69,111,97,140,130,162,194,225,296,360,335,213,129,209,433,286,137,16,2,9,22,44,75,79,87,89,129,126,155,139,147,182,150,126,138,172,119,139,121,134,172,276,285,123,37,126,510,167,13,3,33,29,42,43,46,48,60,70,84,88,98,120,142,144,153,136,153,195,173,141,156,118,162,275,284,201,76,198,599,11,15,3
sunflower000.jpg,sunflower,38,46,27,11,3,5,3,4,4,10,16,16,35,30,38,73,102,97,148,438,466,381,296,279,340,251,201,217,177,139,101,104,96,31,6,3,12,2,4,5,8,5,11,19,24,31,45,33,55,65,69,67,109,136,153,345,601,564,449,478,283,222,75,90,271,79,159,29,23,22,35,75,99,145,174,118,99,88,70,33,32,20,23,24,21,21,17,23,23,13,20,26,28,65,256,1965
sunflower001.jpg,sunflower,8,15,26,25,13,45,65,70,329,486,591,358,343,289,199,105,48,32,32,43,44,44,51,58,77,103,93,92,111,142,128,31,8,11,10,20,19,20,20,18,32,30,20,34,65,100,101,192,407,526,443,402,321,288,361,115,102,88,95,78,83,50,27,10,653,380,116,40,28,22,19,15,19,17,18,12,16,17,14,10,15,9,4,11,11,15,11,8,17,12,47,99,368,694,788,591
sunflower002.jpg,sunflower,6,26,59,113,107,122,120,125,132,87,116,91,75,76,83,82,99,113,190,244,361,262,225,256,192,158,141,117,114,83,85,36,5,14,64,175,182,173,153,151,122,114,133,130,116,136,123,136,103,121,114,119,72,100,99,119,190,354,440,188,78,50,17,5,865,333,400,160,154,195,237,145,118,110,74,72,68,68,44,33,28,30,18,15,11,6,10,8,7,8,13,9,24,51,247,535
sunflower003.jpg,sunflower,25,90,95,134,94,65,56,58,61,54,48,72,188,239,302,285,414,236,188,173,144,164,194,124,80,52,56,47,45,37,69,207,26,53,110,146,213,103,101,128,117,74,67,86,95,129,149,115,112,96,70,59,48,44,114,139,214,292,346,248,236,209,86,71,837,368,132,192,167,131,113,95,83,57,35,21,30,31,18,23,28,24,24,20,17,26,19,16,20,17,21,19,28,43,57,1384
sunflower004.jpg,sunflower,7,6,4,8,5,5,5,5,4,4,4,5,10,9,6,22,27,44,56,37,55,102,195,308,415,519,481,299,246,271,461,471,7,8,7,7,4,9,8,4,4,8,20,30,44,81,116,148,166,214,222,280,300,311,273,269,240,217,294,297,258,155,69,26,1831,593,438,284,212,142,131,108,93,84,54,50,40,15,6,3,1,0,1,1,1,1,1,1,1,0,1,0,1,1,0,1
sunflower005.jpg,sunflower,44,112,67,43,81,40,64,174,385,528,342,225,233,197,252,210,127,61,63,82,65,69,65,46,48,63,72,80,66,65,77,50,8,45,72,144,98,90,98,113,98,129,74,75,67,182,404,441,328,254,211,216,189,284,132,63,61,39,50,47,36,27,17,4,587,594,266,116,53,49,36,34,23,18,22,14,24,18,17,15,16,11,12,17,29,15,25,28,84,330,401,280,229,236,232,265
sunflower006.jpg,sunflower,88,74,57,79,73,83,98,96,102,96,135,112,96,81,87,92,87,92,82,71,78,82,89,70,73,81,81,82,105,117,141,1316,28,29,47,63,52,52,70,84,96,96,89,109,142,112,110,103,108,110,115,112,123,145,132,133,157,156,157,197,238,405,347,179,240,205,191,187,185,196,234,239,284,263,215,206,170,184,150,151,115,91,89,95,84,86,69,69,44,19,9,9,5,8,2,2
sunflower007.jpg,sunflower,88,75,60,55,81,117,143,145,173,142,114,90,67,54,47,43,49,29,41,72,139,182,178,159,130,121,95,114,121,132,275,765,25,57,91,103,131,94,72,49,33,28,33,31,31,105,200,187,135,128,122,303,487,362,120,133,107,126,139,113,144,176,134,97,946,362,625,427,441,203,27,21,15,16,16,13,7,21,13,12,13,13,14,6,11,12,9,14,11,13,15,17,20,32,51,680
sunflower008.jpg,sunflower,2146,107,89,92,82,83,79,80,88,77,74,69,55,44,38,43,30,29,22,27,27,24,30,36,46,52,66,92,90,105,61,113,27,57,81,85,96,85,74,59,54,545,1370,484,93,57,58,62,65,65,65,82,76,72,71,50,53,47,44,26,20,28,29,16,11,182,182,181,228,204,136,114,38,49,43,42,31,23,29,14,13,17,16,24,23,21,18,20,23,36,86,725,832,450,257,28
sunflower009.jpg,sunflower,31,53,87,97,64,64,45,48,32,59,264,423,401,442,286,263,308,165,124,49,37,20,37,41,60,92,85,64,68,80,72,135,12,39,42,58,60,74,64,53,50,46,38,42,35,52,44,66,81,239,811,623,502,380,261,195,50,35,38,30,38,24,10,4,421,123,212,180,143,100,80,58,35,28,20,30,28,21,19,24,28,26,30,33,45,51,46,68,104,97,120,204,566,597,339,220
sunflower010.jpg,sunflower,3,1,6,8,4,9,24,34,65,63,95,127,118,135,163,170,162,128,123,117,90,92,76,98,94,64,56,44,67,83,111,1666,3,3,5,8,7,6,13,22,44,41,82,80,96,123,122,151,191,190,193,163,176,171,164,204,208,205,345,339,373,240,92,36,1057,208,175,125,127,159,132,155,161,144,196,206,194,179,181,128,103,79,57,50,45,39,26,23,28,25,17,21,19,16,15,6
sunflower011.jpg,sunflower,62,63,83,196,252,176,141,96,83,67,46,54,41,40,31,33,18,30,27,37,25,37,62,116,118,159,175,163,197,300,253,915,221,407,161,90,81,84,109,108,90,78,70,55,128,110,123,119,108,108,101,113,166,168,149,144,150,156,151,135,160,131,92,30,2914,658,168,108,61,41,22,23,26,12,8,9,6,8,5,4,4,2,4,2,1,1,0,1,1,0,1,1,2,0,1,2
sunflower012.jpg,sunflower,46,98,116,178,182,165,158,163,143,121,154,122,107,125,118,127,127,103,99,134,207,248,211,213,172,124,98,72,53,53,30,29,28,48,59,92,149,164,188,173,159,137,150,143,150,147,164,184,213,215,238,198,226,185,136,101,89,76,86,112,35,27,5,19,1346,671,437,431,266,142,86,69,60,74,48,46,34,38,30,29,18,14,13,10,17,13,7,13,8,18,16,11,9,13,22,87
sunflower013.jpg,sunflower,18,57,37,51,66,100,155,200,245,274,263,211,171,114,98,81,129,182,166,144,148,141,140,146,162,158,173,114,48,52,34,18,13,59,74,101,90,96,140,179,222,244,313,288,243,246,178,146,118,219,222,183,124,122,50,50,32,54,81,81,37,51,23,17,885,290,195,222,307,274,272,210,188,130,89,36,25,16,46,38,12,8,8,12,6,12,156,111,86,70,53,88,115,58,57,21
sunflower014.jpg,sunflower,13,29,48,73,116,132,196,221,289,406,373,347,269,211,134,84,60,58,48,59,61,47,52,62,41,43,59,92,84,94,58,237,3,21,27,53,66,131,134,180,241,265,378,429,433,328,290,169,96,79,66,64,40,50,37,21,27,14,20,38,53,73,40,230,298,224,212,243,264,333,384,423,391,312,213,151,74,26,9,12,7,17,6,9,10,9,11,4,8,14,7,13,37,67,69,239
sunflower015.jpg,sunflower,24,40,24,30,34,56,78,87,134,136,218,259,329,326,344,326,255,178,144,97,68,64,76,78,85,107,100,122,135,89,44,9,11,21,28,25,26,29,24,47,83,81,65,74,96,133,169,190,271,298,330,365,318,302,242,210,171,160,115,117,62,18,11,4,371,262,169,120,123,119,131,147,142,168,147,168,163,194,209,235,232,182,185,166,120,97,79,57,40,31,18,9,9,1,0,2
sunflower016.jpg,sunflower,2,0,2,8,31,52,111,121,139,192,246,271,269,326,237,158,122,100,98,82,82,73,60,91,127,142,212,253,217,168,80,24,2,2,1,5,22,72,95,78,83,103,112,107,112,138,225,289,314,333,308,216,153,142,162,188,206,174,174,120,86,70,2,2,1323,335,136,166,203,178,218,171,203,234,272,186,143,91,61,34,17,16,9,5,2,6,2,7,9,5,5,8,10,11,21,9
sunflower017.jpg,sunflower,5,17,25,36,40,56,95,130,135,153,120,107,105,91,103,66,74,86,96,117,122,199,197,147,161,188,232,240,256,304,269,124,6,4,16,14,14,19,39,91,139,168,232,261,225,186,121,131,98,97,97,105,130,150,183,218,221,257,263,253,166,128,42,22,1865,642,164,188,129,143,157,154,116,104,56,35,22,5,8,5,4,6,3,2,3,6,7,7,8,5,20,37,56,67,54,18
sunflower018.jpg,sunflower,12,27,44,63,94,117,155,244,284,306,328,257,183,141,106,129,112,121,123,116,124,151,129,120,115,98,85,85,76,85,49,17,5,18,31,50,76,85,107,166,209,234,313,364,381,346,293,220,203,165,169,142,118,81,62,63,60,36,36,24,11,6,13,9,1071,383,277,281,312,340,337,352,271,155,83,39,25,14,14,19,6,10,3,3,5,8,0,0,7,15,21,3,9,7,18,8
sunflower019.jpg,sunflower,38,98,127,118,112,111,111,122,142,119,162,181,214,257,282,311,320,256,228,179,165,120,83,59,59,33,17,25,16,15,9,7,28,61,63,86,97,107,83,114,100,100,125,132,152,177,207,224,316,380,484,403,303,132,88,50,26,20,14,8,4,3,6,3,91,230,266,262,280,329,363,393,414,377,337,290,202,124,89,23,9,7,3,2,2,0,1,0,0,0,0,0,0,0,1,1
sunflower020.jpg,sunflower,23,89,172,227,249,221,183,128,124,97,68,69,74,56,59,51,63,72,67,51,200,294,194,144,104,165,134,140,153,137,96,192,5,25,38,78,138,158,205,249,247,192,184,164,131,110,109,90,71,59,63,45,30,25,189,236,155,97,101,148,176,155,151,272,1142,654,215,93,40,21,16,14,10,11,10,11,15,28,15,19,20,10,13,13,17,15,17,157,234,193,118,154,189,166,156,310
sunflower021.jpg,sunflower,2,12,29,72,110,142,228,202,195,200,172,156,165,201,145,155,147,175,160,158,184,175,177,168,147,127,111,83,45,28,10,15,1,2,11,10,23,31,59,87,99,111,150,155,179,177,198,171,206,199,198,220,172,206,205,225,237,237,201,180,74,42,18,12,37,61,69,115,138,175,213,243,213,230,219,204,224,225,229,209,206,204,156,147,137,107,87,67,56,42,34,15,13,9,8,4
sunflower022.jpg,sunflower,15,46,76,98,133,141,158,171,150,134,135,127,103,94,111,93,87,87,96,99,108,138,154,214,259,315,275,222,150,62,25,20,54,129,144,81,78,70,70,71,75,96,121,142,142,166,163,139,157,156,173,191,216,251,312,282,234,184,95,55,15,10,12,12,839,842,515,351,249,204,158,125,105,77,83,77,80,75,60,52,34,37,30,27,17,11,8,6,6,3,4,9,1,5,1,5
sunflower023.jpg,sunflower,4,11,29,31,44,66,97,116,146,153,151,189,200,196,203,140,92,92,101,117,185,162,271,206,175,150,111,146,168,131,144,69,2,3,7,15,22,46,53,65,92,129,120,126,136,194,247,265,233,279,200,165,139,130,124,170,219,285,279,192,96,31,9,23,1126,225,223,254,223,215,182,148,116,86,66,34,32,10,12,13,40,80,76,52,54,28,13,10,10,12,34,106,403,165,25,23
sunflower024.jpg,sunflower,9,21,55,98,132,135,144,136,152,131,171,231,246,179,168,117,97,99,97,175,171,118,92,101,97,96,99,121,129,163,186,130,3,7,14,39,73,72,98,110,134,136,171,183,176,236,278,236,232,227,150,140,101,111,122,189,173,172,163,149,112,61,25,3,1175,284,352,299,272,216,181,169,130,116,107,58,39,23,19,11,9,49,85,76,36,33,16,14,7,11,14,37,135,95,18,10
sunflower025.jpg,sunflower,1,1,7,16,43,75,107,134,204,254,229,224,245,238,259,312,297,257,141,81,78,84,74,67,64,73,69,77,79,73,95,138,1,1,2,3,10,28,41,75,126,156,166,203,188,210,205,209,262,318,424,298,269,215,105,88,73,79,66,69,50,52,62,42,565,162,86,108,96,114,142,162,226,238,259,261,282,241,178,170,105,72,47,31,23,7,9,11,16,34,51,120,92,47,81,60
sunflower026.jpg,sunflower,17,35,77,113,163,196,245,318,366,349,288,264,218,170,107,87,62,53,64,57,50,55,76,59,64,75,75,87,95,111,79,21,9,4,24,41,52,78,92,148,182,146,162,168,220,256,296,305,280,268,269,189,137,98,79,75,86,95,94,89,60,52,30,12,881,195,113,72,91,136,130,178,218,259,203,213,208,199,170,145,146,104,88,61,51,39,28,20,23,10,14,37,33,16,4,11
sunflower027.jpg,sunflower,246,54,36,19,23,18,23,27,14,25,43,41,44,104,113,104,85,91,72,91,78,71,101,128,153,167,166,192,157,195,332,1083,273,69,60,51,66,73,104,144,121,141,141,130,147,139,139,183,193,213,225,136,106,117,122,100,69,80,91,81,92,105,132,253,2111,1150,44,21,22,21,9,18,6,14,9,5,9,6,10,9,8,5,5,11,7,14,11,16,20,24,59,124,144,66,65,53
sunflower028.jpg,sunflower,191,112,93,75,50,26,34,57,42,39,56,70,79,84,90,122,140,170,135,110,138,131,159,183,155,173,214,244,246,253,230,195,255,150,115,44,31,21,41,41,33,39,68,56,66,78,83,101,102,96,155,175,232,243,285,251,233,207,213,216,238,129,76,23,495,590,431,285,200,143,166,157,148,123,118,107,112,115,107,122,110,113,114,96,63,58,28,22,20,14,11,8,8,5,4,3
sunflower029.jpg,sunflower,7,27,69,126,177,260,286,313,333,325,292,267,241,158,168,134,126,139,114,92,93,81,91,57,38,25,20,24,5,5,1,2,2,12,26,46,75,107,157,190,188,251,229,250,299,289,309,272,248,201,208,151,124,141,101,83,46,30,24,19,8,5,3,2,27,237,493,658,668,614,434,341,235,124,86,62,41,26,14,15,7,3,3,0,1,2,2,1,1,0,0,0,0,0,0,1
sunflower030.jpg,sunflower,720,156,66,54,33,29,28,25,20,22,29,45,65,94,81,121,175,188,249,217,218,151,138,164,134,90,108,120,125,116,103,212,749,277,203,274,375,412,262,130,90,84,95,93,92,71,59,54,50,71,67,73,78,69,39,42,31,46,53,46,39,30,26,16,561,1120,635,267,129,120,146,135,146,143,82,77,83,68,48,53,43,34,27,19,25,26,30,18,26,13,9,6,2,0,2,3
sunflower031.jpg,sunflower,81,11,11,18,34,61,94,123,145,139,126,122,129,116,99,117,135,107,124,112,157,159,129,150,133,114,125,135,133,228,231,498,7,21,26,38,44,64,91,78,131,101,125,138,127,126,148,143,158,162,134,186,204,165,155,151,134,134,134,117,110,124,211,409,267,200,267,278,211,159,136,116,93,79,70,66,68,75,75,66,51,74,74,79,107,83,89,102,72,82,78,88,71,137,200,483
sunflower032.jpg,sunflower,3,14,21,52,50,101,132,223,231,254,245,249,185,118,93,90,136,165,222,317,246,158,95,65,49,59,66,60,25,6,14,352,11,129,301,316,283,194,199,166,156,138,170,177,252,220,182,161,175,133,65,52,51,47,45,49,25,8,9,7,8,9,9,349,2467,591,96,111,99,58,39,34,47,33,22,24,18,23,12,14,12,2,6,6,2,1,4,5,2,2,3,4,8,5,9,337
sunflower033.jpg,sunflower,4,3,4,9,18,7,17,26,45,47,66,102,108,115,97,89,104,113,126,131,128,118,135,134,165,229,245,272,208,142,96,993,6,9,20,18,50,63,82,110,128,129,125,125,111,105,105,113,111,126,119,103,125,101,140,180,213,155,159,114,70,45,57,979,1324,633,472,260,108,63,45,35,19,16,10,7,11,9,9,13,6,4,6,6,2,8,11,7,11,10,10,8,14,12,26,921
sunflower034.jpg,sunflower,7,14,5,2,6,15,13,26,43,60,75,107,150,156,235,260,253,206,224,164,202,202,163,215,174,189,168,169,177,176,187,53,7,26,66,114,157,205,270,281,271,263,263,191,167,151,157,137,146,179,145,146,132,96,90,66,72,59,56,66,54,39,20,4,1105,1396,512,270,201,146,95,95,72,60,33,22,7,18,8,5,8,2,6,0,2,0,3,3,3,1,1,4,5,4,2,7
sunflower035.jpg,sunflower,9,8,10,20,39,60,68,98,95,123,120,138,132,129,150,172,174,190,197,189,224,222,214,269,216,256,260,180,82,33,14,5,8,5,9,14,24,35,55,71,67,95,95,112,118,143,150,164,191,189,239,244,277,315,337,283,286,277,176,72,12,5,7,21,119,225,438,1052,801,472,297,205,122,97,80,44,30,19,7,4,8,6,3,3,8,2,2,4,7,3,4,3,2,4,4,21
sunflower036.jpg,sunflower,21,16,3,5,7,4,9,3,8,10,33,46,35,95,89,108,156,130,165,170,199,188,164,178,184,222,235,241,237,266,258,611,2,4,2,3,8,9,18,24,62,97,95,123,117,135,163,178,171,211,206,215,235,208,189,186,177,126,141,171,135,193,103,389,142,56,74,178,351,722,709,617,371,180,108,57,32,25,27,31,31,17,27,14,16,26,18,33,37,54,39,40,31,12,6,15
sunflower037.jpg,sunflower,36,85,68,63,105,119,86,95,92,92,109,120,110,70,68,62,68,99,65,59,53,58,92,185,313,459,490,340,274,83,44,34,15,46,56,55,78,131,184,253,183,127,91,94,124,134,133,130,112,108,138,161,192,221,266,269,233,109,74,63,52,145,83,36,1727,741,243,126,120,152,112,71,63,70,59,56,53,19,5,10,2,4,3,3,0,5,2,3,4,5,4,10,24,48,107,245
sunflower038.jpg,sunflower,8,12,38,38,65,85,88,70,73,55,52,46,44,42,26,21,12,23,39,54,85,193,381,552,497,344,222,138,81,48,102,562,42,102,125,141,129,146,65,22,12,27,40,58,81,92,95,114,147,177,209,266,301,310,259,154,105,82,48,27,24,32,88,576,1888,1014,193,84,43,14,22,15,9,9,7,13,12,10,9,10,6,3,5,8,8,15,10,8,6,18,13,17,8,22,28,569
sunflower039.jpg,sunflower,12,32,53,82,116,149,138,171,185,177,143,130,122,123,90,99,66,53,67,98,186,327,331,332,271,182,74,35,30,87,57,78,6,19,85,213,315,161,140,145,172,210,215,219,167,178,188,188,235,187,185,127,160,137,68,40,3,7,14,20,33,58,119,82,2207,314,177,174,157,184,144,106,78,57,40,40,20,14,10,4,2,1,8,4,6,3,5,3,2,9,3,8,5,20,77,214
sunflower040.jpg,sunflower,3,2,11,17,21,26,33,30,51,84,112,126,154,206,209,215,234,216,192,170,156,161,168,146,139,135,130,130,88,120,165,446,4,14,43,70,118,154,156,198,193,210,196,213,231,198,161,150,144,151,142,118,114,110,102,130,113,98,98,115,88,79,69,116,116,182,595,896,694,480,385,230,121,50,32,34,25,13,25,14,8,13,18,15,17,8,16,14,10,13,11,10,6,7,9,29
sunflower041.jpg,sunflower,20,91,102,97,88,63,60,35,60,83,87,92,142,172,160,98,84,78,72,52,49,46,51,80,112,115,153,218,376,466,448,246,40,136,171,110,38,17,11,14,26,29,31,62,65,89,116,166,160,142,129,172,167,191,214,257,279,271,316,267,190,116,88,16,1751,323,439,216,52,69,56,40,26,45,38,31,45,51,60,67,67,71,81,91,98,91,74,79,49,43,19,4,8,7,2,3
sunflower042.jpg,sunflower,5,47,452,341,288,267,197,148,132,106,122,104,101,126,121,146,166,161,114,94,96,98,79,61,69,81,78,71,66,63,67,29,3,5,15,21,33,20,31,84,217,265,302,313,300,301,292,292,284,221,191,131,116,127,87,87,61,62,53,59,37,45,28,13,653,310,117,75,83,75,89,117,106,128,95,46,36,56,19,15,15,35,78,154,224,236,195,189,184,207,180,139,89,77,42,32
sunflower043.jpg,sunflower,12,46,167,387,327,243,155,169,157,132,150,154,145,148,164,140,138,115,101,97,81,89,64,77,98,71,90,80,92,90,86,31,10,15,29,24,17,21,29,35,82,106,197,341,397,380,332,321,269,219,191,158,146,137,95,74,85,74,55,70,74,57,45,11,819,228,100,83,98,131,148,164,174,97,70,28,75,64,46,19,10,18,13,12,14,25,92,179,260,231,252,256,219,133,28,10
sunflower044.jpg,sunflower,184,265,364,505,333,171,136,86,88,70,65,52,50,49,46,43,53,41,48,36,39,56,45,50,70,99,120,179,199,204,190,160,118,187,233,267,325,214,199,172,148,106,64,82,84,90,82,76,79,79,52,65,43,54,69,85,97,130,174,204,194,172,129,23,70,210,202,280,304,300,267,322,292,275,222,204,191,204,132,122,107,76,86,57,59,34,20,13,13,12,5,5,4,5,2,1
sunflower045.jpg,sunflower,60,173,81,23,20,29,27,25,32,24,33,37,36,44,53,88,88,139,167,196,169,202,207,260,300,313,279,306,282,239,124,40,181,128,23,15,19,13,17,12,22,30,28,48,49,64,64,83,105,131,194,237,238,250,254,261,304,296,261,255,185,167,118,44,1470,703,521,167,132,108,87,62,59,54,44,41,57,43,35,50,32,39,46,53,48,39,35,30,33,31,31,14,15,8,1,8
sunflower046.jpg,sunflower,7,13,18,9,22,23,20,25,340,816,874,195,116,91,90,63,50,32,39,39,36,40,59,69,70,76,127,223,231,202,65,16,2,6,10,12,33,65,98,101,80,71,51,29,27,21,33,17,26,32,53,528,1307,489,163,175,176,182,146,100,48,12,2,1,1081,514,46,42,23,24,20,18,20,27,13,18,17,14,20,18,16,9,21,14,16,17,14,19,17,13,24,25,44,56,1256,620
sunflower047.jpg,sunflower,6,36,135,159,197,177,183,143,106,111,112,127,100,74,62,72,80,60,56,60,68,107,98,81,86,86,108,100,182,205,313,606,49,170,139,104,71,92,99,130,139,131,153,135,130,171,161,164,131,132,139,149,140,212,223,216,191,182,127,89,72,31,14,10,1003,1194,581,314,214,127,97,70,71,67,65,34,29,22,16,15,16,16,20,20,22,13,8,6,13,11,9,12,9,0,1,1
sunflower048.jpg,sunflower,50,104,147,158,207,192,173,208,169,208,160,140,98,106,108,91,114,157,151,176,157,181,159,146,151,129,112,78,35,16,4,11,37,70,120,147,168,176,174,234,302,303,303,266,237,218,199,181,179,138,116,123,109,94,110,52,13,5,3,3,1,3,2,10,2502,628,307,195,142,88,59,28,23,22,10,15,5,7,6,7,4,4,3,2,2,1,2,2,0,3,4,3,2,3,3,14
sunflower049.jpg,sunflower,9,51,107,161,256,297,303,234,206,142,123,80,70,68,68,73,64,61,55,55,68,63,49,47,68,37,44,51,78,150,557,401,4,7,36,72,124,175,235,293,256,256,233,184,172,150,121,99,91,71,65,61,41,42,22,21,37,22,17,51,82,155,622,279,462,468,526,532,334,205,114,63,35,17,24,6,10,12,15,11,8,8,14,10,11,16,8,8,10,13,15,33,72,141,408,487
